lineNumber,pageHint,codeCandidate,ocrLiteral,reviewStatus
1,,2001,"Mr Sexta-feira, 16 de Novembro de 2001 ISérie — N.º 52",REVISAR_OCR
12,,200,"Preço deste número — Kz: 200,00",REVISAR_OCR
14,,506,"relativa a anuncio e sesnaruras do «Diário da Ano | da República 1"" 6 2º sénes é do Kz 27,506 parma",REVISAR_OCR
17,,38000,"Nacional — U EE, em Luanda, Caixa Pastal | À qt cene Kz 17 38000] 3º sêne de depóuto prévio à efecuar na Tesourana",REVISAR_OCR
18,,1306,"1306 — End Telcg «Imprensa» AI"" céne Kz 10 700,00] da Imprensa Nacional — U E E",REVISAR_COLUNAS
18,,700,"1306 — End Telcg «Imprensa» AI"" céne Kz 10 700,00] da Imprensa Nacional — U E E",REVISAR_COLUNAS
19,,437,SUMÁRIO Despacho conjunto à * 437/01,REVISAR_OCR
30,,328,Despacha conjunto nº 328/01 —,REVISAR_OCR
32,,2931,"nº 2931, à favor de Mafalda Antunes que tambem usa Mafalda Decreto n.º 82/01",REVISAR_OCR
34,,329,Despacho conjunto n * 329/01 Face à crescente globalização da economia mundial e,REVISAR_OCR
39,,331,Despacha conjunto o * 331/01 Nos termos das dispasições combinadas da alínea f) do,REVISAR_OCR
40,,112,"Comfivca o predio urbano em nome de Teodoro dos Santos arugo 112º e do arngo 113º ambos da Les Consntucional,",REVISAR_COLUNAS
40,,113,"Comfivca o predio urbano em nome de Teodoro dos Santos arugo 112º e do arngo 113º ambos da Les Consntucional,",REVISAR_COLUNAS
41,,33201,Despacho eomuato nº 33201 9 Governo decreta o segunic,REVISAR_OCR
44,,333,Despacho conjunto nº 333/01 integrante,REVISAR_OCR
49,,334,"Despacho conjunto nº 334/01 Públicas, que",REVISAR_OCR
56,,18770,"a favor de Ela Rose Edna ado Vora Cr 18770, Art 3º — O Plano Geral de Contabilidade não é",REVISAR_OCR
58,,336,Despacho conjunto n* 336/01 aplicável a entidade: que exerçam actividade para a qual,REVISAR_OCR
63,,978,978 DIÁRIO DA REPÚBLICA,REVISAR_OCR
71,,2002,"exercício económico com início em 1 de Janeiro de 2002 A International Federation of Accountants (IFAC), que",REVISAR_OCR
101,,2000,"Luanda, aos 10 de Agosto de 2000 preparação e apresentação das Demonstrações financeiras",REVISAR_OCR
129,,2001,ISÉRIE — N.º 52 — DE 16 DE NOVEMBRO DE 2001 979,REVISAR_COLUNAS
129,,979,ISÉRIE — N.º 52 — DE 16 DE NOVEMBRO DE 2001 979,REVISAR_COLUNAS
188,,980,980 DIÁRIO DA REPÚBLICA,REVISAR_OCR
246,,2001,ISÉRIE — N.º 52 — DE 16 DE NOVEMBRO DE 2001 981,REVISAR_COLUNAS
246,,981,ISÉRIE — N.º 52 — DE 16 DE NOVEMBRO DE 2001 981,REVISAR_COLUNAS
317,,982,982 DIÁRIO DA REPÚBLICA,REVISAR_OCR
319,,108,108 UTENTES E ASNECESSIDADES DE Utente Utilidade da Informação,REVISAR_OCR
372,,2001,ISÉRIE — N.º 52 — DE 16 DE NOVEMBRO DE 2001 983,REVISAR_COLUNAS
372,,983,ISÉRIE — N.º 52 — DE 16 DE NOVEMBRO DE 2001 983,REVISAR_COLUNAS
422,,984,984 DIÁRIO DA REPÚBLICA,REVISAR_OCR
474,,2001,ISÉRIE — N.º 52 — DE 16 DE NOVEMBRO DE 2001 985,REVISAR_COLUNAS
474,,985,ISÉRIE — N.º 52 — DE 16 DE NOVEMBRO DE 2001 985,REVISAR_COLUNAS
538,,986,986 DIÁRIO DA REPÚBLICA,REVISAR_OCR
602,,2001,ISÉRIE — N.º 52 — DE 16 DE NOVEMBRO DE 2001 987,REVISAR_COLUNAS
602,,987,ISÉRIE — N.º 52 — DE 16 DE NOVEMBRO DE 2001 987,REVISAR_COLUNAS
661,,4347,un das divs. id cer Caixa é seus equivalentes no início do periodo | 4347,REVISAR_OCR
663,,988,988 DIÁRIO DA REPÚBLICA,REVISAR_OCR
715,,2001,ISÉRIE — N.º 52 — DE 16 DE NOVEMBRO DE 2001 989,REVISAR_COLUNAS
715,,989,ISÉRIE — N.º 52 — DE 16 DE NOVEMBRO DE 2001 989,REVISAR_COLUNAS
727,,221,221 Criténos de reconhecimento é bases de valonme-,REVISAR_OCR
770,,990,990 DIÁRIO DA REPÚBLICA,REVISAR_OCR
824,,2001,ISÉRIE — N.º 52 — DE 16 DE NOVEMBRO DE 2001 991,REVISAR_COLUNAS
824,,991,ISÉRIE — N.º 52 — DE 16 DE NOVEMBRO DE 2001 991,REVISAR_COLUNAS
870,,992,992 DIÁRIO DA REPÚBLICA,REVISAR_OCR
938,,2001,ISÉRIE — N.º 52 — DE 16 DE NOVEMBRO DE 2001 993,REVISAR_COLUNAS
938,,993,ISÉRIE — N.º 52 — DE 16 DE NOVEMBRO DE 2001 993,REVISAR_COLUNAS
995,,994,994 DIÁRIO DA REPÚBLICA,REVISAR_OCR
1049,,2001,ISÉRIE — N.º 52 — DE 16 DE NOVEMBRO DE 2001 995,REVISAR_COLUNAS
1049,,995,ISÉRIE — N.º 52 — DE 16 DE NOVEMBRO DE 2001 995,REVISAR_COLUNAS
1059,,820,"alheia | 820 Maiérias-promas, subsidianas e de consumo",REVISAR_OCR
1111,,2197,"Maténas-primas, mercadorias e (No | 2197] quo",REVISAR_OCR
1112,,1281,materiais em trânsito 1281) tazi),REVISAR_OCR
1113,,996,996 DIÁRIO DA REPÚBLICA,REVISAR_OCR
1114,,103,9. Outros activos não correntes e contas a receber: 103 Restrições existentes,REVISAR_OCR
1165,,102,"102 Movimentos, ocorridos durante o exercício, nas oucual | (o) (b) | nuições te)",REVISAR_OCR
1175,,2001,ISÉRIE — N.º 52 — DE 16 DE NOVEMBRO DE 2001 997,REVISAR_COLUNAS
1175,,997,ISÉRIE — N.º 52 — DE 16 DE NOVEMBRO DE 2001 997,REVISAR_COLUNAS
1196,,123,123 Prestações suplementares ro,REVISAR_OCR
1219,,191,A reserva legal foy constrtuída ao abrigo do arhgo 191 * do Código alterados,REVISAR_OCR
1238,,998,998 DIÁRIO DA REPÚBLICA,REVISAR_OCR
1249,,153,153 Condições de financiamento Provisões,REVISAR_OCR
1295,,2001,ISÉRIE — N.º 52 — DE 16 DE NOVEMBRO DE 2001 999,REVISAR_COLUNAS
1295,,999,ISÉRIE — N.º 52 — DE 16 DE NOVEMBRO DE 2001 999,REVISAR_COLUNAS
1313,,221,221 Composição das vendas por mercados,REVISAR_OCR
1314,,202,202 Condições de financiamento,REVISAR_OCR
1339,,1000,1000 DIÁRIO DA REPÚBLICA,REVISAR_OCR
1397,,2001,ISÉRIE — N.º 52 — DE 16 DE NOVEMBRO DE 2001 1001,REVISAR_COLUNAS
1397,,1001,ISÉRIE — N.º 52 — DE 16 DE NOVEMBRO DE 2001 1001,REVISAR_COLUNAS
1464,,1002,1002 DIÁRIO DA REPÚBLICA,REVISAR_OCR
1514,,2001,ISÉRIE — N.º 52 — DE 16 DE NOVEMBRO DE 2001 1003,REVISAR_COLUNAS
1514,,1003,ISÉRIE — N.º 52 — DE 16 DE NOVEMBRO DE 2001 1003,REVISAR_COLUNAS
1567,,1004,1004 DIÁRIO DA REPÚBLICA,REVISAR_OCR
1625,,2001,ISÉRIE — N.º 52 — DE 16 DE NOVEMBRO DE 2001 1005,REVISAR_COLUNAS
1625,,1005,ISÉRIE — N.º 52 — DE 16 DE NOVEMBRO DE 2001 1005,REVISAR_COLUNAS
1679,,1006,1006 DIÁRIO DA REPÚBLICA,REVISAR_OCR
1734,,2001,ISÉRIE — N.º 52 — DE 16 DE NOVEMBRO DE 2001 1007,REVISAR_COLUNAS
1734,,1007,ISÉRIE — N.º 52 — DE 16 DE NOVEMBRO DE 2001 1007,REVISAR_COLUNAS
1786,,1008,1008 DIÁRIO DA REPÚBLICA,REVISAR_OCR
1849,,2001,ISÉRIE — N.º 52 — DE 16 DE NOVEMBRO DE 2001 1009,REVISAR_COLUNAS
1849,,1009,ISÉRIE — N.º 52 — DE 16 DE NOVEMBRO DE 2001 1009,REVISAR_COLUNAS
1905,,1010,1010 DIÁRIO DA REPÚBLICA,REVISAR_OCR
1955,,2001,ISÉRIE — N.º 52 — DE 16 DE NOVEMBRO DE 2001 1011,REVISAR_COLUNAS
1955,,1011,ISÉRIE — N.º 52 — DE 16 DE NOVEMBRO DE 2001 1011,REVISAR_COLUNAS
2008,,1012,1012 DIÁRIO DA REPÚBLICA,REVISAR_OCR
2062,,2001,ISÉRIE — N.º 52 — DE 16 DE NOVEMBRO DE 2001 1013,REVISAR_COLUNAS
2062,,1013,ISÉRIE — N.º 52 — DE 16 DE NOVEMBRO DE 2001 1013,REVISAR_COLUNAS
2114,,1014,1014 DIÁRIO DA REPÚBLICA,REVISAR_OCR
2165,,2001,ISÉRIE — N.º 52 — DE 16 DE NOVEMBRO DE 2001 1015,REVISAR_COLUNAS
2165,,1015,ISÉRIE — N.º 52 — DE 16 DE NOVEMBRO DE 2001 1015,REVISAR_COLUNAS
2218,,1016,1016 DIÁRIO DA REPÚBLICA,REVISAR_OCR
2268,,2001,ISÉRIE — N.º 52 — DE 16 DE NOVEMBRO DE 2001 1017,REVISAR_COLUNAS
2268,,1017,ISÉRIE — N.º 52 — DE 16 DE NOVEMBRO DE 2001 1017,REVISAR_COLUNAS
2275,,151,12 Imobihzações incorpóreas 151 - .,REVISAR_OCR
2280,,1161,17 - . 1161 . .. «,REVISAR_OCR
2289,,114,114] Relativos a edifícios industrias 21 P,REVISAR_OCR
2290,,142,1t 142 Relativos a edifícios admunistrativos e im ve,REVISAR_OCR
2292,,11143,11143 Relativos a outros edifícios,REVISAR_OCR
2294,,1221,1221 .. -,REVISAR_OCR
2297,,11214,11214 Integrados em conjuntos industrias 123 Propriedade industrial e outros direitos,REVISAR_COLUNAS
2297,,123,11214 Integrados em conjuntos industrias 123 Propriedade industrial e outros direitos,REVISAR_COLUNAS
2298,,11212,11212 Integrados em conguntos admimstra- e contratos .,REVISAR_OCR
2299,,1231,tivos é comerciais 1231,REVISAR_OCR
2300,,11213,11213 Outros conjuntos industrias o,REVISAR_OCR
2301,,11214,11214 Implantados em propriedade alhesa . to,REVISAR_OCR
2302,,122,122 Outras construções 124 Despesas de canstituição,REVISAR_COLUNAS
2302,,124,122 Outras construções 124 Despesas de canstituição,REVISAR_COLUNAS
2303,,1123,1123 Instalações,REVISAR_OCR
2304,,1241,.. 1241 a,REVISAR_OCR
2306,,1131,1131 Matenal ndustmal 12.9 Outras imobilizações incorpóreas,REVISAR_OCR
2307,,1132,1132 Ferramentas industnas,REVISAR_OCR
2308,,1291,11 3.3 Melhoramentos em equipamentos básicos 1291 -,REVISAR_OCR
2309,,1018,1018 DIÁRIO DA REPÚBLICA,REVISAR_OCR
2313,,1481,1481 e re,REVISAR_OCR
2314,,1311,1311 Partes de capital o . e,REVISAR_OCR
2315,,1312,1312 Otmgações e títulos de participação,REVISAR_OCR
2316,,1313,1313 Empréstimos 149 Adiantamentos por conta de investimentos,REVISAR_COLUNAS
2316,,149,1313 Empréstimos 149 Adiantamentos por conta de investimentos,REVISAR_COLUNAS
2317,,132,132 Empresas associadas 1491...,REVISAR_COLUNAS
2317,,1491,132 Empresas associadas 1491...,REVISAR_COLUNAS
2318,,1321,1321 Partes de capital Morro,REVISAR_OCR
2319,,1322,"1322 Obmgações e títulos de participação , ore",REVISAR_OCR
2320,,1323,1323 Empréstimos,REVISAR_OCR
2322,,133,133 Outras empresas 18.1 mobilizações corpóreas,REVISAR_OCR
2323,,133,133.1 Partes de capital .,REVISAR_OCR
2324,,1332,1332 Obrigações e títulos de participação o E o a o nn,REVISAR_OCR
2325,,1333,1333 Empréstimos 18.3 Equipamento básico,REVISAR_OCR
2327,,135,135 Equipamento adminsstratiwvo,REVISAR_OCR
2328,,134,134 Investimentos em imóveis 18 6 Taras e vasilhame,REVISAR_OCR
2331,,135,135 Fundos 18 2 Imobilizações incorpóreas,REVISAR_OCR
2332,,1351,1351 . . ... 182 1 Trespasses,REVISAR_COLUNAS
2332,,182,1351 . . ... 182 1 Trespasses,REVISAR_COLUNAS
2333,,1822,. .. - 1822 Despesas de investigação e desen-,REVISAR_OCR
2335,,1823,1823 Propriedade industrial e outros direi-,REVISAR_OCR
2339,,1829,13.92 Ouro 1829 Outras mobilizações ncorpóreas,REVISAR_OCR
2341,,183,º o 183 Investimentos financeiros em Imóveis,REVISAR_OCR
2342,,183,14 IMOBILIZAÇÕES EM CURSO 183 1 Terrenos é recursos naturais,REVISAR_OCR
2344,,141,141 Obra em curso,REVISAR_OCR
2348,,147,147 Adiantamentos par conta de imobilizado,REVISAR_OCR
2349,,1911,corpóreo 1911 Partes de capital,REVISAR_OCR
2350,,1912,1912 Obngações e títulos de parmeipação,REVISAR_OCR
2351,,1913,71 . 1913 Empréstumos,REVISAR_OCR
2352,,2001,ISÉRIE — N.º 52 — DE 16 DE NOVEMBRO DE 2001 1019,REVISAR_COLUNAS
2352,,1019,ISÉRIE — N.º 52 — DE 16 DE NOVEMBRO DE 2001 1019,REVISAR_COLUNAS
2353,,217,19 2 Empresas associadas 217 Devoluções de compras,REVISAR_OCR
2354,,1921,1921 Partes de capital 217 =. ua . «,REVISAR_COLUNAS
2354,,217,1921 Partes de capital 217 =. ua . «,REVISAR_COLUNAS
2355,,1922,1922 Obngações e títulos de participação . ea .,REVISAR_OCR
2356,,1923,1923 Empréstimos,REVISAR_OCR
2359,,218,218t .. . .,REVISAR_OCR
2360,,931,[931 Partes de capita!,REVISAR_OCR
2361,,1932,1932 Obngações é títulos de participação o,REVISAR_OCR
2362,,1933,1933 Empréstimos 219,REVISAR_COLUNAS
2362,,219,1933 Empréstimos 219,REVISAR_COLUNAS
2363,,219,219.1 . ..,REVISAR_OCR
2365,,1941,1941 Partes de capital,REVISAR_OCR
2368,,199,199 Qutros investimentos financeiros 22.1 Matérias-primas,REVISAR_OCR
2369,,1991,1991 Diamantes,REVISAR_OCR
2370,,1992,1992 Ouro 221.1 . Cam a,REVISAR_COLUNAS
2370,,221,1992 Ouro 221.1 . Cam a,REVISAR_COLUNAS
2371,,199,199.3 Depósitos bancários ro “ol ” -,REVISAR_OCR
2372,,222,We ua 222 Matérias subsédiá,REVISAR_OCR
2373,,221,2 EXISTÊNCIAS 221 cum,REVISAR_OCR
2375,,223,"22 Matérias-primas, subsidiárias e de 223 Materiais diversos",REVISAR_OCR
2377,,231,23 Produtos e trabalhos em curso 231 den .,REVISAR_OCR
2382,,241,"27 Maténias-primas, mercadonas e outros 241 e",REVISAR_OCR
2385,,225,29 Provisão para depreciação de exis- 225 Outros materiais,REVISAR_OCR
2392,,2121,2121 232... cs .,REVISAR_COLUNAS
2392,,232,2121 232... cs .,REVISAR_COLUNAS
2393,,1020,1020 DIÁRIO DA REPÚBLICA,REVISAR_OCR
2394,,272,24 PRODUTOS ACABADOS E INTERMÉDIOS 272 Ontros materiais,REVISAR_OCR
2398,,2731,2731 .,REVISAR_OCR
2400,,2421,2421 . . o,REVISAR_OCR
2404,,2491,2491 2811,REVISAR_COLUNAS
2404,,2811,2491 2811,REVISAR_COLUNAS
2406,,2821,E REFUGOS 2821,REVISAR_OCR
2408,,2811,2811 29 PROVISÃO PARA DEPRECIAÇÃO DE,REVISAR_OCR
2410,,291,"25 2 Desperdícios, resíduos e refugos 291",REVISAR_OCR
2411,,2521,2521 . 29 2 Matérias-primas subsidiárias e de consumo,REVISAR_OCR
2412,,2921,2921 . .,REVISAR_OCR
2414,,261,261... . 2931 .,REVISAR_COLUNAS
2414,,2931,261... . 2931 .,REVISAR_COLUNAS
2415,,262,262 .,REVISAR_OCR
2417,,2941,2941 .,REVISAR_OCR
2419,,2691,"2691 . 29 5 Sub-produtos, desperdícios, resíduos e",REVISAR_OCR
2421,,2951,2951,REVISAR_OCR
2426,,2961,2961,REVISAR_OCR
2428,,2001,ISÉRIE — N.º 52 — DE 16 DE NOVEMBRO DE 2001 1021,REVISAR_COLUNAS
2428,,1021,ISÉRIE — N.º 52 — DE 16 DE NOVEMBRO DE 2001 1021,REVISAR_COLUNAS
2429,,319,3-TERCEIROS 319 Clientes — saldos credores,REVISAR_OCR
2430,,3191,3 Clientes 3191 Adiantamentos,REVISAR_OCR
2431,,3192,32 Fomecelores 3192 Embalagens a devolver,REVISAR_OCR
2432,,3193,33 Empréstimos 3193 Material à consignação,REVISAR_OCR
2439,,3211,3211 Grupo,REVISAR_OCR
2441,,32111,32111 Subsidiárias,REVISAR_OCR
2442,,32112,32 à Chentes - correntes 32112 Associadas,REVISAR_OCR
2443,,3111,3111 Grupo 3212 Não grupo,REVISAR_COLUNAS
2443,,3212,3111 Grupo 3212 Não grupo,REVISAR_COLUNAS
2444,,32121,31 11 Subsidárias 32121 Nacionais,REVISAR_OCR
2445,,32122,21 1 12 Associadas 32122 Estrangeiros,REVISAR_OCR
2446,,322,34 1 2 Não grupo 322 Fornecedores — títulos a pagar,REVISAR_OCR
2447,,31121,31121 Nacionais 3221 Grupo,REVISAR_COLUNAS
2447,,3221,31121 Nacionais 3221 Grupo,REVISAR_COLUNAS
2449,,32211,32211 Subsidiárias,REVISAR_OCR
2450,,32212,3 2 Clientes — títulos a receber 32212 Associadas,REVISAR_OCR
2451,,222,222 Não grupo,REVISAR_OCR
2452,,3121,3121 Grupo,REVISAR_OCR
2453,,32221,32221 Nacionais,REVISAR_OCR
2454,,31211,31211 Subsidsárias 32222 Estrangeiros,REVISAR_COLUNAS
2454,,32222,31211 Subsidsárias 32222 Estrangeiros,REVISAR_COLUNAS
2455,,31212,31212 Associadas,REVISAR_OCR
2456,,3122,3122 Não grupo,REVISAR_OCR
2457,,328,328 Fornecedores — facturas em recepção e confe-,REVISAR_OCR
2458,,31221,31221 Nacionais rência,REVISAR_OCR
2459,,31222,31222 Estrangeiros,REVISAR_OCR
2460,,318,318!,REVISAR_OCR
2462,,3131,3131 Grupo 329 Fornecedores - saldos devedores,REVISAR_COLUNAS
2462,,329,3131 Grupo 329 Fornecedores - saldos devedores,REVISAR_COLUNAS
2463,,31311,31311 Subsidiánas,REVISAR_OCR
2464,,291,291 Adiantamentos,REVISAR_OCR
2465,,31312,31312 Associadas 3292 Embalagens a devolver,REVISAR_COLUNAS
2465,,3292,31312 Associadas 3292 Embalagens a devolver,REVISAR_COLUNAS
2466,,3132,3132 Não grupo 3293 Material à consignação,REVISAR_COLUNAS
2466,,3293,3132 Não grupo 3293 Material à consignação,REVISAR_COLUNAS
2467,,3132,3132 | Nacionais,REVISAR_OCR
2468,,31322,31322 Estrangeiros 33 EMPRÉSTIMOS,REVISAR_OCR
2470,,3311,31 8 Chentes de cobrança duvidosa 3311 Moeda nacional,REVISAR_OCR
2471,,3181,3181 Chentes — correntes 33114 Banco,REVISAR_COLUNAS
2471,,33114,3181 Chentes — correntes 33114 Banco,REVISAR_COLUNAS
2473,,1022,1022 DIÁRIO DA REPÚBLICA,REVISAR_OCR
2474,,312,312 Moeda estrangeira 349 Gutros impostos.,REVISAR_COLUNAS
2474,,349,312 Moeda estrangeira 349 Gutros impostos.,REVISAR_COLUNAS
2475,,33121,33121 Banco,REVISAR_OCR
2476,,3491,. 3491 - .,REVISAR_OCR
2477,,332,332 Empréstimos por obrigações,REVISAR_OCR
2479,,3321,3321 Convertíveis PADAS,REVISAR_OCR
2480,,33211,33211 Enndade 35 1 Entidades participantes,REVISAR_OCR
2481,,3322,3322 Não convertíveis 3541 Estado,REVISAR_COLUNAS
2481,,3541,3322 Não convertíveis 3541 Estado,REVISAR_COLUNAS
2482,,33221,33221 Entidade. astti clsubsenção,REVISAR_OCR
2483,,35112,35112 cfadiantamentos sobre lucros,REVISAR_OCR
2484,,35113,35113 eflucros,REVISAR_OCR
2485,,333,333 Empréstimos par títulos de participação 35114 Emprésumos,REVISAR_COLUNAS
2485,,35114,333 Empréstimos par títulos de participação 35114 Emprésumos,REVISAR_COLUNAS
2486,,3331,3331 Entidade,REVISAR_OCR
2487,,3512,. 3512 Empresas do grupo — subsidiárias,REVISAR_OCR
2488,,35121,35121 c/subserição,REVISAR_OCR
2489,,339,339 Outros empréstimos obtidos 35122 c/adrantamentos sobre lucros,REVISAR_COLUNAS
2489,,35122,339 Outros empréstimos obtidos 35122 c/adrantamentos sobre lucros,REVISAR_COLUNAS
2490,,35123,35123 cflucros,REVISAR_OCR
2491,,3391,3391 Entidade 35124 Emprésumos,REVISAR_COLUNAS
2491,,35124,3391 Entidade 35124 Emprésumos,REVISAR_COLUNAS
2492,,3513,34 ESTADO 3513 Empresas do grupo — associadas,REVISAR_OCR
2493,,35131,35131 clsubsenção,REVISAR_OCR
2494,,35132,34 1 Imposto sobre os lneros 35132 cfadiantamentos sobre lucros,REVISAR_OCR
2495,,3411,3411 35133 cflucros,REVISAR_COLUNAS
2495,,35133,3411 35133 cflucros,REVISAR_COLUNAS
2496,,35134,: 35134 Empréstimos,REVISAR_OCR
2497,,342,342 Imposto de produção e consumo,REVISAR_OCR
2498,,3514,3514 Outros,REVISAR_OCR
2499,,3421,3421,REVISAR_OCR
2500,,35141,- 35141 cisubscrição,REVISAR_OCR
2501,,35142,35142 ciadiantamentos sobre lucros,REVISAR_OCR
2502,,343,343 Impasto de rendimento de trabalho 35143 cilucros,REVISAR_COLUNAS
2502,,35143,343 Impasto de rendimento de trabalho 35143 cilucros,REVISAR_COLUNAS
2503,,35144,35144 Empréstimos,REVISAR_OCR
2504,,331,331,REVISAR_OCR
2505,,344,344 1 to de circulação,REVISAR_OCR
2506,,352,mos asa 352 Entidades participadas,REVISAR_OCR
2507,,3441,3441 -,REVISAR_OCR
2508,,3521,- 3521 Estado,REVISAR_OCR
2509,,35211,. . 35211 cisubsenção,REVISAR_OCR
2510,,35212,34 8 Subsídios a preços 35212 cfadiantamentos sobre jucros,REVISAR_OCR
2511,,35213,35213 cAlucros,REVISAR_OCR
2512,,381,381 .. 35214 Empréstimos,REVISAR_COLUNAS
2512,,35214,381 .. 35214 Empréstimos,REVISAR_COLUNAS
2513,,2001,ISÉRIE — N.º 52 — DE 16 DE NOVEMBRO DE 2001 1023,REVISAR_COLUNAS
2513,,1023,ISÉRIE — N.º 52 — DE 16 DE NOVEMBRO DE 2001 1023,REVISAR_COLUNAS
2514,,3522,3522 Empresas do grupo — subsidiárias 363 Pessoal — adiantamentos,REVISAR_COLUNAS
2514,,363,3522 Empresas do grupo — subsidiárias 363 Pessoal — adiantamentos,REVISAR_COLUNAS
2515,,35221,35221 cisubscrição 3631,REVISAR_COLUNAS
2515,,3631,35221 cisubscrição 3631,REVISAR_COLUNAS
2516,,35222,35222 cfadiantamentos sobre lucros ” -,REVISAR_OCR
2517,,35223,35223 eflucros -,REVISAR_OCR
2518,,35224,35224 Empréstimos,REVISAR_OCR
2519,,369,369 Pessoal — outros,REVISAR_OCR
2520,,3523,3523 Empresas do grupo — associadas 3691,REVISAR_COLUNAS
2520,,3691,3523 Empresas do grupo — associadas 3691,REVISAR_COLUNAS
2521,,35231,35231 c/subserição,REVISAR_OCR
2522,,35232,35232 cfsdiantementos sobre jucros 37 OUTROS VALORES A RECEBER E A PAGAR,REVISAR_OCR
2523,,35233,35233 eflucros,REVISAR_OCR
2524,,35234,35234 Empréstimos 37 1 Compras de imobilizado,REVISAR_OCR
2525,,3711,3711 Corpóreo,REVISAR_OCR
2526,,3524,3524 Outros 3712 Incorpéreo,REVISAR_COLUNAS
2526,,3712,3524 Outros 3712 Incorpéreo,REVISAR_COLUNAS
2527,,3713,3713 Financeiro,REVISAR_OCR
2528,,35241,35241 eisubscrição,REVISAR_OCR
2529,,35242,35242 cfadiantamentos sobre lucros ',REVISAR_OCR
2530,,35243,35243 cilucros 372 Vendas de imobilizado,REVISAR_COLUNAS
2530,,372,35243 cilucros 372 Vendas de imobilizado,REVISAR_COLUNAS
2531,,35244,35244 Empréstimos,REVISAR_OCR
2532,,3721,. 3721 Corpóreo,REVISAR_OCR
2533,,322,322 Incorpáreo,REVISAR_OCR
2534,,323,323 Financeiro,REVISAR_OCR
2536,,373,373 Proveitos a facturar,REVISAR_OCR
2537,,361,361 Pessoal — remunerações 2731 Vendas,REVISAR_COLUNAS
2537,,2731,361 Pessoal — remunerações 2731 Vendas,REVISAR_COLUNAS
2538,,332,» 332 Prestações de serviço,REVISAR_OCR
2539,,3611,3611 Órgãos sociais 333 Juros,REVISAR_COLUNAS
2539,,333,3611 Órgãos sociais 333 Juros,REVISAR_COLUNAS
2540,,36111,36111,REVISAR_OCR
2541,,374,É 374 Encargos a repartir por períodos futuros,REVISAR_OCR
2542,,3612,3612 Empregados,REVISAR_OCR
2543,,3741,3741 Descontos de enussão de obrigações,REVISAR_OCR
2544,,36121,36121 3742 Descantos de emissão de títulos de part,REVISAR_COLUNAS
2544,,3742,36121 3742 Descantos de emissão de títulos de part,REVISAR_COLUNAS
2546,,362,362 Pessoal — participação nos resultados 375 Encargos a pagar,REVISAR_COLUNAS
2546,,375,362 Pessoal — participação nos resultados 375 Encargos a pagar,REVISAR_COLUNAS
2547,,3621,3621 Órgãos sociais 37514 Remunerações,REVISAR_COLUNAS
2547,,37514,3621 Órgãos sociais 37514 Remunerações,REVISAR_COLUNAS
2548,,352,352 Juros,REVISAR_OCR
2549,,36211,36211,REVISAR_OCR
2551,,3622,3622 — Empeegados pos po,REVISAR_OCR
2552,,3761,3761 Prémios de emissão de obngações,REVISAR_OCR
2553,,36221,36221 3162 Prémios de erussão de títulos de partica-,REVISAR_COLUNAS
2553,,3162,36221 3162 Prémios de erussão de títulos de partica-,REVISAR_COLUNAS
2554,,3763,. 3763 Subsídios para investimento,REVISAR_OCR
2555,,1024,1024 DIÁRIO DA REPÚBLICA,REVISAR_OCR
2556,,3764,3764 Diferenças de câmbio favoráveis rever- 384 Provisões p/dívidas do pessoal,REVISAR_COLUNAS
2556,,384,3764 Diferenças de câmbio favoráveis rever- 384 Provisões p/dívidas do pessoal,REVISAR_COLUNAS
2558,,3841,E - 3841,REVISAR_OCR
2559,,377,377 Contas transitórias,REVISAR_OCR
2560,,389,389 Provisões para ontros saldos a receber,REVISAR_OCR
2561,,3771,3771 Transacções entre a sede c as dependên-,REVISAR_OCR
2562,,3891,eras da empresa 3891 Vendas imobilizado,REVISAR_OCR
2564,,379,379 Outros valores a receber c a pagar - ENCARGOS,REVISAR_OCR
2565,,3291,3291 no . 391 Provisões para pensões,REVISAR_COLUNAS
2565,,391,3291 no . 391 Provisões para pensões,REVISAR_COLUNAS
2566,,3911,. . 3911 . .,REVISAR_OCR
2568,,392,DOSAS 392 Provisões para processos judiciais em curso,REVISAR_OCR
2569,,3921,38 1 Provisões para clientes 3921 .,REVISAR_OCR
2570,,3811,3811 Chentes — correntes,REVISAR_OCR
2571,,393,393 Provisões para acidentes de trabalho,REVISAR_OCR
2572,,3811,3811t Grupo,REVISAR_OCR
2573,,38112,38112 Não grupo 3931 .,REVISAR_COLUNAS
2573,,3931,38112 Não grupo 3931 .,REVISAR_COLUNAS
2574,,3812,3812 Cliente — títulos a receber 394 Provisões para garanti a clientes,REVISAR_COLUNAS
2574,,394,3812 Cliente — títulos a receber 394 Provisões para garanti a clientes,REVISAR_COLUNAS
2575,,38121,38121 Grupo Pr .,REVISAR_OCR
2576,,38122,38122 — Nãogrpo,REVISAR_OCR
2577,,3813,3813 Clientes — cobrança duvidosa,REVISAR_OCR
2578,,38121,38121 Grupo 399 Provisões para outros riscos e encargos,REVISAR_COLUNAS
2578,,399,38121 Grupo 399 Provisões para outros riscos e encargos,REVISAR_COLUNAS
2579,,38122,38122 — Nãogrupo -,REVISAR_OCR
2580,,3991,3991,REVISAR_OCR
2581,,382,382 Provisões para saldos devedores de fornece 7 MEIOS MONETÁRIOS,REVISAR_OCR
2583,,821,a821 42 Depósitos a prazo,REVISAR_OCR
2587,,383,383 Provisões p/participantes e participadas “6 .,REVISAR_OCR
2589,,3831,3831 Participantes 48 Conta transitória,REVISAR_OCR
2590,,3832,3832 Participadas 49 Provisões para aplicações de tesouraria,REVISAR_OCR
2591,,2001,ISÉRIE — N.º 52 — DE 16 DE NOVEMBRO DE 2001 1025,REVISAR_COLUNAS
2591,,1025,ISÉRIE — N.º 52 — DE 16 DE NOVEMBRO DE 2001 1025,REVISAR_COLUNAS
2593,,411,411 Acções 44 | Moeda nacional,REVISAR_OCR
2594,,41351,41351 Empresas do grupo 4411 Banco .,REVISAR_COLUNAS
2594,,4411,41351 Empresas do grupo 4411 Banco .,REVISAR_COLUNAS
2596,,4112,4112 Associadas 4412 Banco .,REVISAR_COLUNAS
2596,,4412,4112 Associadas 4412 Banco .,REVISAR_COLUNAS
2597,,4113,4113 Outras empresas - .,REVISAR_OCR
2598,,412,412 Obrigações,REVISAR_OCR
2599,,442,P 442 Moeda estrangeira,REVISAR_OCR
2600,,4121,4121 Empresas do grupo,REVISAR_OCR
2601,,4421,st22 Associadas 4421 Banco .,REVISAR_OCR
2602,,4123,4123 Outras empresas s422 Banco .,REVISAR_COLUNAS
2602,,422,4123 Outras empresas s422 Banco .,REVISAR_COLUNAS
2603,,413,413 Títulos da dívida pública a - .,REVISAR_OCR
2604,,4132,4132 45 CAIXA,REVISAR_OCR
2605,,451,451 Fundo fixo,REVISAR_OCR
2608,,8512,42 DEPÓSITOS A PRAZO 8512 Cama,REVISAR_OCR
2609,,421,421 Moeda nacional,REVISAR_OCR
2610,,452,452 Valores para depositar,REVISAR_OCR
2611,,4211,4211 Banco,REVISAR_OCR
2612,,4212,4212 Banco 4521,REVISAR_COLUNAS
2612,,4521,4212 Banco 4521,REVISAR_COLUNAS
2613,,422,422 Moeda estrangeira,REVISAR_OCR
2614,,453,453 Valores destinados a pagamentos específicos,REVISAR_OCR
2615,,4221,4221 Banco,REVISAR_OCR
2616,,4222,4222 Banco 4531 Salários,REVISAR_COLUNAS
2616,,4531,4222 Banco 4531 Salários,REVISAR_COLUNAS
2618,,461,461 - -,REVISAR_OCR
2620,,4311,4311 Banca - 47 .,REVISAR_OCR
2621,,4312,4312 Banco sm .,REVISAR_OCR
2622,,432,432 Mocda estrangeira,REVISAR_OCR
2624,,432,432 Banco -,REVISAR_OCR
2625,,4322,4322 Banço - 481 Banco .,REVISAR_COLUNAS
2625,,481,4322 Banço - 481 Banco .,REVISAR_COLUNAS
2626,,482,. RR 482 Banco,REVISAR_OCR
2627,,1026,1026 DIÁRIO DA REPÚBLICA,REVISAR_OCR
2632,,5611,5611 Decreto-Lei nº,REVISAR_OCR
2633,,4911,4911 Acções 5612 Decreto-Lei nº,REVISAR_COLUNAS
2633,,5612,4911 Acções 5612 Decreto-Lei nº,REVISAR_COLUNAS
2634,,4912,4912 Obngações,REVISAR_OCR
2635,,4913,4913 Títulos da dívida pública,REVISAR_OCR
2636,,562,562 Autónomas,REVISAR_OCR
2637,,492,492 Outras aplicações de tesouraria 5621 Avaltação,REVISAR_COLUNAS
2637,,5621,492 Outras aplicações de tesouraria 5621 Avaltação,REVISAR_COLUNAS
2638,,5621,5621 Reabzação,REVISAR_OCR
2639,,4921,4921,REVISAR_OCR
2657,,521,521 Valor nominal associadas,REVISAR_OCR
2659,,211,s211 69 Proveitos e ganhos extraordinários,REVISAR_OCR
2661,,522,522 Descontos,REVISAR_OCR
2663,,221,s221 -,REVISAR_OCR
2664,,611,. . 611 1 Mercado nacional,REVISAR_OCR
2666,,523,523 Prémios,REVISAR_OCR
2667,,612,"612 Sub-produtos, desperdícios, residuos € refugos",REVISAR_OCR
2668,,231,"s231 "" 61 Z 1 Mercado nacional",REVISAR_OCR
2671,,613,. . 613 1 Mercado nacional,REVISAR_OCR
2675,,614,55 RESERVAS LEGAIS 614 1 Mercado nacional,REVISAR_OCR
2677,,2001,ISÉRIE — N.º 52 — DE 16 DE NOVEMBRO DE 2001 1027,REVISAR_COLUNAS
2677,,1027,ISÉRIE — N.º 52 — DE 16 DE NOVEMBRO DE 2001 1027,REVISAR_COLUNAS
2679,,6151,6151 6381 .,REVISAR_COLUNAS
2679,,6381,6151 6381 .,REVISAR_COLUNAS
2680,,639,. 639 Transferência para resultados operacionais,REVISAR_OCR
2683,,617,617 1 Mercado nactonal DUTOS ACABADOS E DE PRODUÇÃO EM,REVISAR_OCR
2688,,619,619 Transferência para resultados operacionais 64 2 Produtos acabados,REVISAR_OCR
2693,,6431,62 1 2 Mercado estrangeiro 6431 .,REVISAR_OCR
2695,,622,622 1 Mercado nacronal,REVISAR_OCR
2696,,649,62 2 2 Mercado estrangeiro 649 Transferência para resultados operacionais,REVISAR_OCR
2699,,628,628 Descontos e abatimentos 6511 Corpóreo,REVISAR_COLUNAS
2699,,6511,628 Descontos e abatimentos 6511 Corpóreo,REVISAR_COLUNAS
2702,,6514,62 8 2 Mercado estrangeiro 6514 Em curso,REVISAR_OCR
2703,,652,652 Para encargos a repartir por exercícios,REVISAR_OCR
2704,,629,629 Transferência para resultados operacionais Foturos,REVISAR_OCR
2705,,6521,63 Outros proveitos operacionais 6521,REVISAR_OCR
2707,,6311,6311 Aluguer de equipamento ',REVISAR_OCR
2708,,659,659 fe,REVISAR_OCR
2715,,66111,63 4 Subsídios a investimento 66111 Obmgações,REVISAR_OCR
2716,,6611,- 6611 3Títulos de parucipação,REVISAR_OCR
2717,,1028,1028 DIÁRIO DA REPÚBLICA,REVISAR_OCR
2718,,66114,66114 Empréstimos 667 Reposição de provisões,REVISAR_COLUNAS
2718,,667,66114 Empréstimos 667 Reposição de provisões,REVISAR_COLUNAS
2719,,667,667 1 Invesumentos financeiros,REVISAR_OCR
2720,,66119,66119 Outros,REVISAR_OCR
2721,,66713,66713 Subsidiárias,REVISAR_OCR
2722,,667,66 | 2 De mora relativos a dívidas de terceiros 667 | 2 Associadas,REVISAR_OCR
2723,,65713,' 65713 Outras empresas,REVISAR_OCR
2724,,121,66 121 Dívidas recebidas à prestações 657 E 4 Fundos,REVISAR_COLUNAS
2724,,657,66 121 Dívidas recebidas à prestações 657 E 4 Fundos,REVISAR_COLUNAS
2725,,122,66 122 De empréstimos a terceiros,REVISAR_OCR
2726,,657,657 19 Outros investimentos,REVISAR_OCR
2727,,6672,66 1 5 De aplicações de tesouraria 6672 Aplicações de tesouraria,REVISAR_OCR
2728,,66721,66.1 4 Desconto de títulos 66721 Títulos negociáveis,REVISAR_OCR
2729,,66722,66722 Depósitos a prazo,REVISAR_OCR
2730,,723,66 723 Outros depósitos,REVISAR_OCR
2731,,66729,66 2 Diferenças de câmbio favoráveis 66729 Outros mvestmentos,REVISAR_OCR
2732,,662,662 1 Realizadas,REVISAR_OCR
2736,,6631,6631 67 1 Rendimento de participações de capital,REVISAR_OCR
2737,,671,671 | Subsidiánas,REVISAR_OCR
2741,,679,679 Transferência para resultados em filiais e,REVISAR_OCR
2745,,665,"665 1 Acções, quotas em outras empresas",REVISAR_OCR
2751,,68112,68112 Produtos e trabalhos em curso,REVISAR_OCR
2752,,666,666 1 Investimentos financeiros 68 113 Produtos acabados e intermé-,REVISAR_COLUNAS
2752,,113,666 1 Investimentos financeiros 68 113 Produtos acabados e intermé-,REVISAR_COLUNAS
2754,,666,"666 11 Subsidiárias 68 1 1 4 Sub-produtos, desperdícios,",REVISAR_OCR
2755,,6661,6661 2 Associadas resíduos e refugos,REVISAR_OCR
2756,,666,666] 3 Outras empresas 68 115 Mercadonas,REVISAR_COLUNAS
2756,,115,666] 3 Outras empresas 68 115 Mercadonas,REVISAR_COLUNAS
2757,,66614,66614 Imóveis,REVISAR_OCR
2759,,666,666 19 Outros investimentos 68 12 t Clentes,REVISAR_OCR
2761,,123,66 6 2 Títulos negociáveis 68 123 Clentes — cobrança duvidosa,REVISAR_OCR
2762,,2001,ISÉRIE — N.º 52 — DE 16 DE NOVEMBRO DE 2001 1029,REVISAR_COLUNAS
2762,,1029,ISÉRIE — N.º 52 — DE 16 DE NOVEMBRO DE 2001 1029,REVISAR_COLUNAS
2763,,681,681 24 Saldos devedores de fomece- 68.11 Outros ganhos e perdas não operacionais,REVISAR_OCR
2765,,125,68 125 Participantes e participadas 68111 Donauvos,REVISAR_COLUNAS
2765,,68111,68 125 Participantes e participadas 68111 Donauvos,REVISAR_COLUNAS
2768,,129,68 129 Outros saldos a receber ema,REVISAR_OCR
2771,,68131,68131 Pensões NÁRIOS,REVISAR_OCR
2773,,133,68 133 Acidentes de trabalho 691 Ganhos resultantes de catástrofes naturais,REVISAR_COLUNAS
2773,,691,68 133 Acidentes de trabalho 691 Ganhos resultantes de catástrofes naturais,REVISAR_COLUNAS
2774,,134,68 134 Garantias dadas a chentes,REVISAR_OCR
2775,,6911,6911 ...,REVISAR_OCR
2776,,139,68 139 Outros riscos e encargos em . ..,REVISAR_OCR
2777,,692,. . 692 Ganhos resultantes de convulsões políticas,REVISAR_OCR
2778,,921,“ - nári 921 ....,REVISAR_OCR
2779,,682,682 Anulação de amortizações extraordinárias,REVISAR_OCR
2780,,682,682 1 Imobizações corpóreas =,REVISAR_OCR
2781,,6822,6822 h sn 69 3 Ganhos resultantes de expropriações,REVISAR_OCR
2782,,6931,6931 - .,REVISAR_OCR
2784,,683,683 | Venda de mobilizações corpórcas 69 4 Ganhos resultantes de sinistros,REVISAR_OCR
2786,,6941,6941 .,REVISAR_OCR
2788,,6841,6841 Sobras $9:5 Subsídios,REVISAR_OCR
2789,,6951,. . 6951. + -,REVISAR_OCR
2791,,6851,6851 69 6 Anulação de passivos não exigíveis,REVISAR_OCR
2792,,6961,6961,REVISAR_OCR
2794,,6861,6861,REVISAR_OCR
2795,,699,699 Transferência para resultados extraordiná-,REVISAR_OCR
2797,,687,687 - -,REVISAR_OCR
2806,,1030,1030 DIÁRIO DA REPÚBLICA,REVISAR_OCR
2807,,724,77. Custos é perdas financeiros em filiais e 724 Prémios para pensões,REVISAR_OCR
2812,,725,71.1 Matérias-primas 725 1 Órgãos socms,REVISAR_OCR
2813,,7252,7252 Pessoal,REVISAR_OCR
2815,,725,o 725 Seguros de acidentes de trabalho e doenças,REVISAR_OCR
2817,,721,721 PR 726.1 Órgãos socius,REVISAR_COLUNAS
2817,,726,721 PR 726.1 Órgãos socius,REVISAR_COLUNAS
2819,,713,713 Materiais diversos,REVISAR_OCR
2821,,4271,MBL 4271 Órgãos sociais,REVISAR_OCR
2825,,728,- es 728 1 Órgãos soctas,REVISAR_OCR
2826,,728,728 2 Pessoal,REVISAR_OCR
2827,,715,715 Outros materiais o,REVISAR_OCR
2831,,7312,7312 Edifícios e outras construções,REVISAR_OCR
2832,,7313,72 CUSTOS COM O PESSOAL 7313 Equipamento básico,REVISAR_OCR
2833,,7314,7314 Equpamento de carga e transporte,REVISAR_OCR
2834,,7315,72 | Remunerações — Órgãos sociais 7315 Equipamento admumistrativo,REVISAR_OCR
2835,,7316,7316 Taras e vasilhame,REVISAR_OCR
2840,,7322,“ro 7322 Despesas de investigação e desenvolvi-,REVISAR_OCR
2842,,7323,7323 Propriedade mdustrial e outros direitos e,REVISAR_OCR
2845,,7231,7231 Órgãos socims NR .,REVISAR_OCR
2846,,723,723.2 Pessoal 7329 Outras imobilizações meocpóreas,REVISAR_COLUNAS
2846,,7329,723.2 Pessoal 7329 Outras imobilizações meocpóreas,REVISAR_COLUNAS
2847,,2001,ISÉRIE — N.º 52 — DE 16 DE NOVEMBRO DE 2001 1031,REVISAR_COLUNAS
2847,,1031,ISÉRIE — N.º 52 — DE 16 DE NOVEMBRO DE 2001 1031,REVISAR_COLUNAS
2848,,739,739 Transferência para resultados operacionais 753 Impostos,REVISAR_COLUNAS
2848,,753,739 Transferência para resultados operacionais 753 Impostos,REVISAR_COLUNAS
2849,,7531,75. OUTROS CUSTOS E PERDAS OPERA- 7531 Indirectos,REVISAR_OCR
2853,,753,BM ss 753.1.9 Ontros impostos,REVISAR_OCR
2856,,753,4 753 2.1 Imposto de capitais,REVISAR_OCR
2857,,75211,75211 Água 75.322 Contribuição predial,REVISAR_COLUNAS
2857,,322,75211 Água 75.322 Contribuição predial,REVISAR_COLUNAS
2858,,212,75 212 Blecincidade preda,REVISAR_OCR
2859,,752,752 13 Combustíveis e outros fluídos tor Sa Catbtao ontando dem rm,REVISAR_OCR
2860,,752,752 14 Conscrvação e reparação 75.3.2.9 Outros impostos,REVISAR_OCR
2861,,752,"752 15 Material de protecção, segurança c nuevo a nao cant aaa om ae",REVISAR_OCR
2865,,752,752 17 Material de escritório 755 Quotizações,REVISAR_COLUNAS
2865,,755,752 17 Material de escritório 755 Quotizações,REVISAR_COLUNAS
2867,,752,752 19 Outros fornecimentos 75 6 Ofertas e amostras de existências,REVISAR_OCR
2868,,758,152191. Votem 758 Outros custas e perdas operacionass,REVISAR_OCR
2869,,75220,75220 Comunicação . mo. O um -,REVISAR_OCR
2870,,75221,75221 Rendas e alugueres,REVISAR_OCR
2871,,75222,75222 Seguros 75.9 Transferência para resultados operacionais,REVISAR_OCR
2872,,75223,75223 Deslocações e estadas,REVISAR_OCR
2873,,75224,75224 Despesas de representação 76.CUSTOS E PERDAS FINANCEIROS,REVISAR_OCR
2874,,75226,75226 Conservação e reparação GERAIS,REVISAR_OCR
2875,,75227,75227 Vigilância e segurança,REVISAR_OCR
2876,,75228,"75228 Limpeza, hugiene é contorto 761 Juros",REVISAR_COLUNAS
2876,,761,"75228 Limpeza, hugiene é contorto 761 Juros",REVISAR_COLUNAS
2877,,75229,75229 Publicidade c propaganda,REVISAR_OCR
2878,,75230,75230 Contencioso c notanado 76 1 1 De empréstimos,REVISAR_OCR
2879,,75231,75231 Comissões a intermediários,REVISAR_OCR
2880,,75232,75232 Assistência técnica 7611 t Bancános,REVISAR_COLUNAS
2880,,7611,75232 Assistência técnica 7611 t Bancános,REVISAR_COLUNAS
2881,,761,761.12 Obrigações,REVISAR_OCR
2882,,261,782321 Estrangera 261 1 3 Títulos de participação,REVISAR_OCR
2884,,75233,75233 Trabalhos tado 1$42De Sancéros,REVISAR_OCR
2886,,7613,7613 di,REVISAR_OCR
2887,,75234,75234 Honorános e avenças EAD oa ua todas à terceiros,REVISAR_OCR
2888,,75235,75235 Royalties,REVISAR_OCR
2891,,762,762.1 Realizadas,REVISAR_OCR
2892,,762,758239] - 762 2 Não realizadas,REVISAR_OCR
2893,,1032,1032 DIÁRIO DA REPÚBLICA,REVISAR_OCR
2894,,763,763 Descontos de pronto pagamento concedidos 77 CUSTOS E PERDAS FINANCEIROS EM,REVISAR_OCR
2896,,731,731. . « - ..,REVISAR_OCR
2897,,779,76.4 Amortizações de investimentos em imóveis 779 Transferência para resultados financeiros,REVISAR_OCR
2901,,765,765 Provisões para aplicações financeiras,REVISAR_OCR
2902,,781,781 1 Existências,REVISAR_OCR
2903,,765,765 1 Investimentos financeiros,REVISAR_OCR
2904,,78111,78111 Matérias-pr: bsidyámi:,REVISAR_OCR
2906,,781,"76.5 1 2Assocundas 781 12 Produtos e trabalhos em curso,",REVISAR_OCR
2907,,78113,76.5 1 3 Outras empresas 78113 Produtos acabados e intermé-,REVISAR_OCR
2911,,765,765 1 9 Outros investimentos,REVISAR_OCR
2913,,765,765 2 Aplicações de tesourana 78115 Mercadonas,REVISAR_COLUNAS
2913,,78115,765 2 Aplicações de tesourana 78115 Mercadonas,REVISAR_COLUNAS
2914,,765,765.21 Títulos negociáveis,REVISAR_OCR
2915,,76522,76522 Depósitos a prazo 78 1.2 Cobranças Duvidosas,REVISAR_OCR
2916,,76523,76523 Outros depóntos,REVISAR_OCR
2917,,78121,. . 78121 Clientes,REVISAR_OCR
2918,,76529,76529 Outros 78122 Clientes - títulos a receber,REVISAR_COLUNAS
2918,,78122,76529 Outros 78122 Clientes - títulos a receber,REVISAR_COLUNAS
2919,,78123,78123 Chentes — cobrança duvidosa,REVISAR_OCR
2920,,124,76 6 Perdas na alienação de aplicações finan- 78.124 Saldos devedores de formece-,REVISAR_OCR
2922,,78125,78125 Participantes e parucipadas,REVISAR_OCR
2923,,7661,7661 Investimentos financeiros 78 1.26 Dívidas do pessoal,REVISAR_OCR
2924,,766,766.1 1 Subsidiáras : . .,REVISAR_OCR
2925,,766,766 | 2 Associadas 78129 Outros saldos a receber,REVISAR_COLUNAS
2925,,78129,766 | 2 Associadas 78129 Outros saldos a receber,REVISAR_COLUNAS
2926,,766,766 13 Outras empresas 78 1.3 Raspos é encargos,REVISAR_OCR
2927,,766,766 1 2 Fundos,REVISAR_OCR
2928,,78131,eo mr em .. 78131 Pensões,REVISAR_OCR
2929,,766,766 19 Outros investimentos 78132 Processos judiciais em curso,REVISAR_COLUNAS
2929,,78132,766 19 Outros investimentos 78132 Processos judiciais em curso,REVISAR_COLUNAS
2930,,78133,78133 Acidentes de trabalho,REVISAR_OCR
2931,,78134,76 62 Aplicações de títulos negociáveis 78134 Garanhas dades a clientes,REVISAR_OCR
2932,,767,767 Serviços bancários 78139 Outros nscos e encargos,REVISAR_COLUNAS
2932,,78139,767 Serviços bancários 78139 Outros nscos e encargos,REVISAR_COLUNAS
2933,,771,771 e.,REVISAR_OCR
2936,,769,769 Transferência para resultados financeiros 78 22 Imobilizações Incorpóreas,REVISAR_OCR
2937,,2001,ISÉRIE — N.º 52 — DE 16 DE NOVEMBRO DE 2001 1033,REVISAR_COLUNAS
2937,,1033,ISÉRIE — N.º 52 — DE 16 DE NOVEMBRO DE 2001 1033,REVISAR_COLUNAS
2939,,7831,7831 Venda de mobilizações corpóreas 7931,REVISAR_COLUNAS
2939,,7931,7831 Venda de mobilizações corpóreas 7931,REVISAR_COLUNAS
2941,,7833,7833 Abates,REVISAR_OCR
2943,,7839,7839 Outras 941.,REVISAR_COLUNAS
2943,,941,7839 Outras 941.,REVISAR_COLUNAS
2946,,799,B Qu 799 Transferência para resultados extraordi-,REVISAR_OCR
2951,,7861,7861! Fiscas 82 Resultados operacionais,REVISAR_OCR
2952,,7862,7862 Não fiscais 83 Resultados financeiros,REVISAR_OCR
2953,,7863,7863 Penalidades contratuais 34 Resultados em fihass e associadas,REVISAR_OCR
2960,,789,789 Alterações de políticas contabilísticas,REVISAR_OCR
2962,,101,78 101 Estimativa impostos BitAno.,REVISAR_OCR
2963,,8111,8111 Resultado do ano,REVISAR_OCR
2965,,8113,"8113 Correcções de erros fundamentais, no",REVISAR_OCR
2967,,8114,78 H 2 Reembolso de subsídios à exploração 8114 Efeito das alterações de políticas contah-,REVISAR_OCR
2968,,113,78 113 Reembolso de subsídios a investmen- lísticas,REVISAR_OCR
2969,,8115,tos 8115 Imposto relativo a correcções de erros,REVISAR_OCR
2976,,791,791 Perdas resultantes de catástrofes naturais 8122 Aphcação de resultados,REVISAR_COLUNAS
2976,,8122,791 Perdas resultantes de catástrofes naturais 8122 Aphcação de resultados,REVISAR_COLUNAS
2977,,8123,"8123 Correcções de erros fundamentais, no",REVISAR_OCR
2978,,911,911 . exercício seguinte,REVISAR_OCR
2979,,8124,. 8124 Efeito das alterações de políticas conta-,REVISAR_OCR
2981,,8125,79 2 Perdas resultantes de convulsões políticas 8125 Imposto relauvo a correcções de erros,REVISAR_OCR
2983,,7921,7921 - contabilísticas,REVISAR_OCR
2984,,1034,1034 DIÁRIO DA REPÚBLICA,REVISAR_OCR
2992,,887,82.6 Custo das mercadorias vendidas e das 887 Imposto sabre os resultados extraordinários,REVISAR_OCR
2993,,889,matérias consumidas 889 Transferência para resultados transitados,REVISAR_OCR
2996,,829,829 Outros custos operacionas 89 DIVIDENDOS ANTECIPADOS,REVISAR_OCR
2997,,899,899 Transferência para resultados transitados,REVISAR_OCR
3002,,831,831 Proveitos e ganhos financeiros gerais,REVISAR_OCR
3005,,839,"839 Transferência para resultados líquidos SEUS utentes. Contudo, presume-se que os utentes tenham",REVISAR_OCR
3023,,869,869 Transferência para resultados líquidos,REVISAR_OCR
3029,,879,879 Transferência para resultados líquidos Demonstrações financeiras,REVISAR_OCR
3030,,2001,ISÉRIE — N.º 52 — DE 16 DE NOVEMBRO DE 2001 1035,REVISAR_COLUNAS
3030,,1035,ISÉRIE — N.º 52 — DE 16 DE NOVEMBRO DE 2001 1035,REVISAR_COLUNAS
3099,,1036,1036 DIÁRIO DA REPÚBLICA,REVISAR_OCR
3150,,2001,ISÉRIE — N.º 52 — DE 16 DE NOVEMBRO DE 2001 1037,REVISAR_COLUNAS
3150,,1037,ISÉRIE — N.º 52 — DE 16 DE NOVEMBRO DE 2001 1037,REVISAR_COLUNAS
3203,,1038,1038 DIÁRIO DA REPÚBLICA,REVISAR_OCR
3261,,2001,ISÉRIE — N.º 52 — DE 16 DE NOVEMBRO DE 2001 1039,REVISAR_COLUNAS
3261,,1039,ISÉRIE — N.º 52 — DE 16 DE NOVEMBRO DE 2001 1039,REVISAR_COLUNAS
3308,,1040,1040 DIÁRIO DA REPÚBLICA,REVISAR_OCR
3382,,2001,ISÉRIE — N.º 52 — DE 16 DE NOVEMBRO DE 2001 1041,REVISAR_COLUNAS
3382,,1041,ISÉRIE — N.º 52 — DE 16 DE NOVEMBRO DE 2001 1041,REVISAR_COLUNAS
3429,,1042,1042 DIÁRIO DA REPÚBLICA,REVISAR_OCR
3486,,2001,ISÉRIE — N.º 52 — DE 16 DE NOVEMBRO DE 2001 1043,REVISAR_COLUNAS
3486,,1043,ISÉRIE — N.º 52 — DE 16 DE NOVEMBRO DE 2001 1043,REVISAR_COLUNAS
3534,,1044,1044 DIÁRIO DA REPÚBLICA,REVISAR_OCR
3589,,2001,ISÉRIE — N.º 52 — DE 16 DE NOVEMBRO DE 2001 1045,REVISAR_COLUNAS
3589,,1045,ISÉRIE — N.º 52 — DE 16 DE NOVEMBRO DE 2001 1045,REVISAR_COLUNAS
3605,,3191,7 — Terceiros: ta 3191),REVISAR_OCR
3614,,3192,"anda não vencidos, quer estejam em carteisa, que tenham fconta 3192)",REVISAR_OCR
3629,,3193,"Por contrapartida da conta Clhentes — títulos a receber, (conta 3193)",REVISAR_OCR
3639,,1046,1046 DIÁRIO DA REPÚBLICA,REVISAR_OCR
3690,,2001,ISÉRIE — N.º 52 — DE 16 DE NOVEMBRO DE 2001 1047,REVISAR_COLUNAS
3690,,1047,ISÉRIE — N.º 52 — DE 16 DE NOVEMBRO DE 2001 1047,REVISAR_COLUNAS
3693,,35221,"monetários aquando do respectivo pagamento so Estado 40535211,35221,35231,35241)",REVISAR_COLUNAS
3693,,35231,"monetários aquando do respectivo pagamento so Estado 40535211,35221,35231,35241)",REVISAR_COLUNAS
3693,,35241,"monetários aquando do respectivo pagamento so Estado 40535211,35221,35231,35241)",REVISAR_COLUNAS
3716,,111,"fcontas 35 111,35 121 35134, 35141) lucros",REVISAR_COLUNAS
3716,,121,"fcontas 35 111,35 121 35134, 35141) lucros",REVISAR_COLUNAS
3716,,35134,"fcontas 35 111,35 121 35134, 35141) lucros",REVISAR_COLUNAS
3716,,35141,"fcontas 35 111,35 121 35134, 35141) lucros",REVISAR_COLUNAS
3720,,352,"ções de capital efectuadas por tercesros Estas contas serão 352/3,35223,35233,35243)",REVISAR_COLUNAS
3720,,35223,"ções de capital efectuadas por tercesros Estas contas serão 352/3,35223,35233,35243)",REVISAR_COLUNAS
3720,,35233,"ções de capital efectuadas por tercesros Estas contas serão 352/3,35223,35233,35243)",REVISAR_COLUNAS
3720,,35243,"ções de capital efectuadas por tercesros Estas contas serão 352/3,35223,35233,35243)",REVISAR_COLUNAS
3727,,35122,"lucras (contas 35 1 12,35122,35132,35142) sócios/acctonistas das participadas",REVISAR_COLUNAS
3727,,35132,"lucras (contas 35 1 12,35122,35132,35142) sócios/acctonistas das participadas",REVISAR_COLUNAS
3727,,35142,"lucras (contas 35 1 12,35122,35132,35142) sócios/acctonistas das participadas",REVISAR_COLUNAS
3739,,35113,"35113,35123,35133,35143,",REVISAR_COLUNAS
3739,,35123,"35113,35123,35133,35143,",REVISAR_COLUNAS
3739,,35133,"35113,35123,35133,35143,",REVISAR_COLUNAS
3739,,35143,"35113,35123,35133,35143,",REVISAR_COLUNAS
3762,,1048,1048 DIÁRIO DA REPÚBLICA,REVISAR_OCR
3763,,362,"Pessoal — Participação nos resultados (conta 362) Na exercício seguinte, esta conta deverá ser saldada por",REVISAR_OCR
3813,,2001,ISÉRIE — N.º 52 — DE 16 DE NOVEMBRO DE 2001 1049,REVISAR_COLUNAS
3813,,1049,ISÉRIE — N.º 52 — DE 16 DE NOVEMBRO DE 2001 1049,REVISAR_COLUNAS
3874,,1050,1050 DIÁRIO DA REPÚBLICA,REVISAR_OCR
3931,,2001,ISÉRIE — N.º 52 — DE 16 DE NOVEMBRO DE 2001 1051,REVISAR_COLUNAS
3931,,1051,ISÉRIE — N.º 52 — DE 16 DE NOVEMBRO DE 2001 1051,REVISAR_COLUNAS
3984,,1052,1052 DIÁRIO DA REPÚBLICA,REVISAR_OCR
4000,,562,próprias adquindas pela empresa e respectivo custo de (conta 562 1),REVISAR_OCR
4017,,5622,ser regulanzada por contrapartida de reservas quando se (conta 5622),REVISAR_OCR
4035,,2001,ISÉRIE — N.º 52 — DE 16 DE NOVEMBRO DE 2001 1053,REVISAR_COLUNAS
4035,,1053,ISÉRIE — N.º 52 — DE 16 DE NOVEMBRO DE 2001 1053,REVISAR_COLUNAS
4037,,562,"lação — autónomas — avaliação (conta 562 1) mento para o preço de venda corrente, a dinheiro,",REVISAR_OCR
4046,,101,101 Defineções rédito é medido da seguinte forma,REVISAR_OCR
4070,,102,"102 Situações parnculares substância única, estas devem ser analisadas em conjunto",REVISAR_OCR
4084,,1054,1054 DIÁRIO DA REPÚBLICA,REVISAR_OCR
4117,,412,412 Situações parnculares Venda a retalho quando for oferecido um reembolso se o,REVISAR_OCR
4136,,2001,ISÉRIE — N.º 52 — DE 16 DE NOVEMBRO DE 2001 1055,REVISAR_COLUNAS
4136,,1055,ISÉRIE — N.º 52 — DE 16 DE NOVEMBRO DE 2001 1055,REVISAR_COLUNAS
4188,,1056,1056 DIÁRIO DA REPÚBLICA,REVISAR_OCR
4191,,121,121 Conteúdo das rubricas súrias adaptações as disposições relanvas a contratos plur-,REVISAR_OCR
4217,,622,622) de clientes reflectem os serviços executados,REVISAR_OCR
4233,,122,122 Definições e situações paruculares Quando o desfecho da transacção não puder ser fiavel-,REVISAR_OCR
4239,,2001,ISÉRIE — N.º 52 — DE 16 DE NOVEMBRO DE 2001 1057,REVISAR_COLUNAS
4239,,1057,ISÉRIE — N.º 52 — DE 16 DE NOVEMBRO DE 2001 1057,REVISAR_COLUNAS
4273,,131,O rédita das comissões de publicidade deve ser 131 Conteúdo das rubricas,REVISAR_OCR
4287,,1058,1058 DIÁRIO DA REPÚBLICA,REVISAR_OCR
4317,,662,produção em curso (conta 64) favoráveis — realizadas (conta 662 1),REVISAR_OCR
4359,,2001,ISÉRIE — N.º 52 — DE 16 DE NOVEMBRO DE 2001 1059,REVISAR_COLUNAS
4359,,1059,ISÉRIE — N.º 52 — DE 16 DE NOVEMBRO DE 2001 1059,REVISAR_COLUNAS
4425,,695,ção de provisões (conta 68 1) (conta 695),REVISAR_OCR
4431,,1060,1060 DIÁRIO DA REPÚBLICA,REVISAR_OCR
4470,,141,mento a detentores de investimentos em capital próprio 141 Conteúdo das rubricas,REVISAR_OCR
4481,,2001,ISÉRIE — N.º 52 — DE 16 DE NOVEMBRO DE 2001 1061,REVISAR_COLUNAS
4481,,1061,ISÉRIE — N.º 52 — DE 16 DE NOVEMBRO DE 2001 1061,REVISAR_COLUNAS
4489,,75216,tuadas m 75216),REVISAR_OCR
4526,,1062,1062 DIÁRIO DA REPÚBLICA,REVISAR_OCR
4589,,150,"150, hi a pp há tmheiro dt das nd St 9 alienação de aplicações financeiras, sendo as respectivas",REVISAR_OCR
4596,,762,desfavoráveis — realizadas (conta 762 1),REVISAR_OCR
4604,,2001,ISÉRIE — N.º 52 — DE 16 DE NOVEMBRO DE 2001 1063,REVISAR_COLUNAS
4604,,1063,ISÉRIE — N.º 52 — DE 16 DE NOVEMBRO DE 2001 1063,REVISAR_COLUNAS
4654,,1064,1064 DIÁRIO DA REPÚBLICA,REVISAR_OCR
4703,,2001,ISÉRIE — N.º 52 — DE 16 DE NOVEMBRO DE 2001 1065,REVISAR_COLUNAS
4703,,1065,ISÉRIE — N.º 52 — DE 16 DE NOVEMBRO DE 2001 1065,REVISAR_COLUNAS
4705,,161,"Esta conta destina-se a concentrar, no fim do exercício, 161 Conteúdo das rubricas",REVISAR_OCR
4720,,162,162 Definições,REVISAR_OCR
4735,,152,152 Definções,REVISAR_OCR
4753,,1066,1066 DIÁRIO DA REPÚBLICA,REVISAR_OCR
4777,,171,171 Definição de já se ter tido em consideração quelquer recupe-,REVISAR_OCR
4787,,472,472 Reconhecimento ou divulgação gadas se do escalonamento do seu desfecho resultar remota,REVISAR_OCR
4790,,173,A determinação da existência de contingências faz-se a 173 Situações paruculares,REVISAR_OCR
4806,,2001,ISÉRIE — N.º 52 — DE 16 DE NOVEMBRO DE 2001 1067,REVISAR_COLUNAS
4806,,1067,ISÉRIE — N.º 52 — DE 16 DE NOVEMBRO DE 2001 1067,REVISAR_COLUNAS
4811,,183,"facto do passivo associado poder ser compensado, por uma 183 Situações particulares",REVISAR_OCR
4821,,181,181 Definção,REVISAR_OCR
4835,,182,182 Implicações e divulgação 19 — Auxílios do Governo e outras entidades:,REVISAR_OCR
4836,,191,Os acontecimentos ocorrendo após a data de Balanço 191 Definição.,REVISAR_OCR
4853,,1068,1068 DIÁRIO DA REPÚBLICA,REVISAR_OCR
4854,,192,192 Reconhecimento e divulgação Transferências de recursos,REVISAR_OCR
4875,,193,193 Situações parniculares: Influência significativa,REVISAR_OCR
4900,,201,"201 Definições Empresas que, directa ou indirectamente (através de um",REVISAR_OCR
4906,,2001,ISÉRIE — N.º 52 — DE 16 DE NOVEMBRO DE 2001 1069,REVISAR_COLUNAS
4906,,1069,ISÉRIE — N.º 52 — DE 16 DE NOVEMBRO DE 2001 1069,REVISAR_COLUNAS
4935,,203,203 Suuações particulares,REVISAR_OCR
4956,,202,202 Divulgações 211 Definções,REVISAR_COLUNAS
4956,,211,202 Divulgações 211 Definções,REVISAR_COLUNAS
4961,,1070,1070 DIÁRIO DA REPÚBLICA,REVISAR_OCR
4973,,212,Sujeatos à um risco insignificante de alterações de 212 Relato dos fluxos de caixa das actividader,REVISAR_OCR
5016,,2001,ISÉRIE — N.º 52 — DE 16 DE NOVEMBRO DE 2001 1071,REVISAR_COLUNAS
5016,,1071,ISÉRIE — N.º 52 — DE 16 DE NOVEMBRO DE 2001 1071,REVISAR_COLUNAS
5023,,214,comissões e outros réditos não relacionados cam 214 Relato dos fluxos de corsa das acnvidades de,REVISAR_OCR
5046,,213,213 Relato dos fluxos de cana das actividades de Pagamentos de catxa por um locatário para a redução de,REVISAR_OCR
5051,,213,recebimentos brutos (de caixa) e as principais classes dos 213 Situações particulares,REVISAR_OCR
5078,,1072,1072 DIÁRIO DA REPÚBLICA,REVISAR_OCR
5133,,2001,ISÉRIE — N.º 52 — DE 16 DE NOVEMBRO DE 2001 1073,REVISAR_COLUNAS
5133,,1073,ISÉRIE — N.º 52 — DE 16 DE NOVEMBRO DE 2001 1073,REVISAR_COLUNAS
5135,,114,"PÚBLICAS E URBANISMO Públicas e Urbamsmo, ao abrigo do nº 3, do artigo 114",REVISAR_OCR
5137,,328,"Despacho conjunto n.º 328/01 Fevereiro, do então Primeiro Muustro, determinam",REVISAR_OCR
5143,,4861,"o nº 4861, em nome de Francisco Jorge Esperança Júmor,",REVISAR_OCR
5145,,4527,"na previsão da aludida les, foram automaticamente (no 4527, q folhas 150 do tivro B-S e 1367, a folhas 117",REVISAR_COLUNAS
5145,,150,"na previsão da aludida les, foram automaticamente (no 4527, q folhas 150 do tivro B-S e 1367, a folhas 117",REVISAR_COLUNAS
5145,,1367,"na previsão da aludida les, foram automaticamente (no 4527, q folhas 150 do tivro B-S e 1367, a folhas 117",REVISAR_COLUNAS
5145,,117,"na previsão da aludida les, foram automaticamente (no 4527, q folhas 150 do tivro B-S e 1367, a folhas 117",REVISAR_COLUNAS
5153,,2001,"Luanda na Rua Comandante Buta nº 29/31, inscrita na Luanda, nos 16 de Novembro de 2001",REVISAR_OCR
5154,,1268,Matnz Predial do 2 * Bairro Fiscal sob o nº 1268 e deserta,REVISAR_OCR
5156,,4826,"b “ 4826 a folhas 121 do hvro B-18, onde se acha",REVISAR_COLUNAS
5156,,121,"b “ 4826 a folhas 121 do hvro B-18, onde se acha",REVISAR_COLUNAS
5159,,629,"livro G-17 sob o nº 17 629, a favor de Mafalda Antunes Henriques da Siva",REVISAR_OCR
5162,,330,2º — Proceda a Conservatória competente à inscrição Despacho conjunta n.º 330/01,REVISAR_OCR
5168,,2001,"Luanda, aos 16 de Novembro de 2001 de 19 de Junho,",REVISAR_OCR
5174,,114,"Públicas e Urbamsmo, so abngo do nº 3, do arugo 114º",REVISAR_OCR
5176,,329,"acho conjunto n.º 329/01 Fevereiro, do então Primeiro Ministro, determinam",REVISAR_OCR
5182,,3851,Finanças do 2º Barro Fiscal sob o nº 3851 e descrito na,REVISAR_OCR
5183,,996,"Atendendo a que, com a subsunção do reterido facto Conservatóna da Registo Predial sob o nº 13 996, a",REVISAR_OCR
